1,Gannon Buhr,75412,1061,-32,54,56,59,55,224,"$12,500"
2,Isaac Robinson,50670,1048,-31,56,51,59,59,225,"$7,100"
3,Eagle McMahon,37817,1038,-29,55,51,59,62,227,"$5,000"
4,Richard Wysocki,38008,1050,-28,58,55,57,58,228,"$3,900"
5,Corey Ellis,44512,1032,-23,59,54,62,58,233,"$3,175"
6,Luke Taylor,102119,1034,-22,53,53,65,63,234,"$2,750"
7,Albert Tamm,76669,1020,-20,60,56,61,59,236,"$2,275"
7,Anthony Barela,44382,1041,-20,59,51,65,61,236,"$2,275"
9,Gavin Babcock,80331,1031,-19,60,61,61,55,237,"$1,700"
9,Ryan Monn,144929,1020,-19,61,59,61,56,237,"$1,700"
9,Andrew Miranda,118426,1018,-19,62,55,62,58,237,"$1,700"
9,Bradley Williams,31644,1031,-19,60,53,61,63,237,"$1,700"
13,Joseph Anderson,122356,1034,-18,57,57,63,61,238,"$1,365"
13,Parker Welck,39491,1029,-18,58,55,63,62,238,"$1,365"
15,Raven Newsom,88212,1031,-17,60,60,63,56,239,"$1,130"
15,Casey White,81739,1034,-17,59,62,58,60,239,"$1,130"
15,Adam Hammes,57365,1036,-17,60,59,60,60,239,"$1,130"
15,Austin Turner,54049,1027,-17,60,54,63,62,239,"$1,130"
15,Väinö Mäkelä,59635,1030,-17,56,55,66,62,239,"$1,130"
20,Zachary Nash,101197,1033,-16,58,56,64,62,240,$970
21,Cole Redalen,79748,1036,-15,59,54,70,58,241,$930
22,Ezra Robinson,50671,1036,-14,57,60,67,58,242,$900
23,Levi Stout,118179,1020,-13,57,58,68,60,243,$845
23,Elijah Bickel,94844,1022,-13,58,57,67,61,243,$845
25,Sullivan Tipton,78817,1041,-12,58,60,65,61,244,$777
25,Garrett Gurthie,13864,1017,-12,58,56,67,63,244,$777
25,Paul Krans,132521,1032,-12,54,58,69,63,244,$777
28,Drew Gibson,48346,1019,-11,59,58,72,56,245,$718
28,Silas Schultz,79047,1031,-11,59,59,67,60,245,$718
30,Calvin Heimburg,45971,1049,-10,56,57,69,64,246,$666
30,Dustin Keegan,35187,1019,-10,59,59,63,65,246,$666
30,Kyle Klein,85132,1040,-10,55,58,68,65,246,$666
33,Andrew Marwede,75590,1036,-9,57,58,66,66,247,$630
34,Zach Arlinghaus,65266,1023,-8,59,62,66,61,248,$572
34,Emmanuel Torres,68986,1024,-8,62,61,63,62,248,$572
34,James Conrad,17295,1012,-8,60,60,65,63,248,$572
34,Mason Ford,72844,1036,-8,57,57,71,63,248,$572
34,Matthew Orum,18330,1030,-8,59,61,64,64,248,$572
34,Jaden Rye,153363,1029,-8,62,54,67,65,248,$572
40,Paul Ulibarri,27171,1027,-7,60,60,65,64,249,$490
40,Calvin Lonnquist,145206,1014,-7,58,63,63,65,249,$490
40,Noah Meintsma,56555,1024,-7,63,57,64,65,249,$490
40,Daniel Pfaff,98558,1011,-7,60,58,66,65,249,$490
40,Luke Humphries,69424,1008,-7,54,59,67,69,249,$490
45,Scott Withers,38464,1027,-6,61,58,72,59,250,$112
45,Lucas Oberholtzer Hess,90439,1016,-6,58,55,74,63,250,$112
45,Luke Samson,59419,1017,-6,60,58,67,65,250,$112
45,Harry Chace,131546,1025,-6,67,55,61,67,250,$112
49,Robert Burridge,96512,1027,-5,59,62,69,61,251,
49,Aviel Gomez,127492,1027,-5,59,62,69,61,251,
49,Austen Bates,130724,1024,-5,59,61,67,64,251,
49,Ian Krajna,48125,1013,-5,59,57,70,65,251,
53,Daniel Perry,132195,1024,-4,59,60,73,60,252,
53,Chandler Kramer,139228,1026,-4,62,58,67,65,252,
53,Colin Bryant,130709,1034,-4,58,58,68,68,252,
53,Jesse Longenecker,149546,1026,-4,60,58,65,69,252,
57,Alden Harris,98091,1023,-3,61,60,68,64,253,
57,Colten Montgomery,35876,1010,-3,59,56,74,64,253,
57,Nathan Sexton,18824,1026,-3,62,61,65,65,253,
57,Ezra Aderhold,121715,1028,-3,56,67,65,65,253,
61,Gavin Bos,187956,1013,-2,64,63,66,61,254,
61,Dallas Garber,138089,1019,-2,64,59,66,65,254,
63,Connor O'Reilly,99648,1007,-1,64,68,61,62,255,
63,Ryan Bain,196731,1000,-1,61,58,70,66,255,
63,Houston Finch,258444,997,-1,60,62,64,69,255,
66,Emerson Keith,47472,1031,E,60,60,70,66,256,
66,Evan Scott,89394,1026,E,64,58,66,68,256,
66,Aaron Gossage,35449,1039,E,62,62,63,69,256,
66,Clay Edwards,91397,1021,E,57,59,68,72,256,
70,Samuel Snider,128704,996,+1,64,61,66,66,257,
70,Jason Lawson,165807,1011,+1,63,59,67,68,257,
70,Braeden Sides,129963,1026,+1,54,63,70,70,257,
70,Elijah Rider Brandt,143853,1006,+1,63,56,66,72,257,
74,Zack Wysocki,61722,1000,+2,61,64,67,66,258,
75,Cam Rico,28560,1015,+3,60,63,70,66,259,
75,Gavin Phillips,119504,1018,+3,68,57,65,69,259,
75,Bryson Little,181675,991,+3,59,59,70,71,259,
78,Maximus Meyer,49865,993,+4,58,63,69,70,260,
79,Ryan Jewell,180216,1014,+8,64,61,68,71,264,
80,Isaiah Oliver,102591,1007,+4,62,63,69,194,,
80,Jake Monn,98722,1031,+4,60,63,71,194,,
82,Cola Di Tullio,193478,999,+5,64,66,65,195,,
82,Jedd Berger,152206,1011,+5,65,63,67,195,,
82,Jarod O'Brien,92426,1017,+5,62,63,70,195,,
85,Nolan Johnson,140561,986,+6,61,64,71,196,,
85,Ty Love,89959,1024,+6,61,62,73,196,,
85,Christian Dietrich,27984,1000,+6,62,60,74,196,,
85,Jakub Semerád,91925,1026,+6,63,57,76,196,,
89,Ryan Mulder,111887,1010,+7,66,63,68,197,,
89,Ezra Hapner,25000,997,+7,60,63,74,197,,
91,Lucas Carmichael,151146,1008,+8,62,63,73,198,,
92,Matthew Alexander,138103,1007,+10,63,59,78,200,,
93,Ryan Chesla,142224,996,+11,67,63,71,201,,
93,Trevon Crowe,67172,1002,+11,64,65,72,201,,
93,Kieran Atkinson,185738,998,+11,63,66,72,201,,
93,Graham Fuller,196220,988,+11,60,63,78,201,,
97,Jared Stoll,68103,993,+12,62,70,70,202,,
97,Tristan Cook,167159,998,+12,64,67,71,202,,
99,Caleb Joiner,102252,1000,+14,64,64,76,204,,
99,Shane Anderson,35798,994,+14,64,62,78,204,,
101,Corey Dryden,29812,990,+15,63,64,78,205,,
102,Eli Swansen,128050,993,+19,66,64,79,209,,
103,Charles Peake,267928,978,+20,65,64,81,210,,
104,Kirby Snyder,115165,1011,+23,70,66,77,213,,
105,Taylor Coulam,89542,982,+24,66,66,82,214,,
106,Sean Martin,111104,979,+26,68,67,81,216,,
107,Henry Thoma,102180,977,+29,65,68,86,219,,
107,Dylan Dietrich,193996,947,+29,64,69,86,219,,
109,Sean Sullivan,319725,957,+31,71,66,84,221,,
110,Guy Melms,146420,981,65,65,999,DNF,,,
110,David Konoplev,134053,991,66,999,DNF,,,,
