1,Eagle McMahon,37817,1040,-26,54,51,52,157,"$9,000"
2,Calvin Heimburg,45971,1051,-25,52,54,52,158,"$5,000"
3,Adam Hammes,57365,1039,-23,54,57,49,160,"$3,100"
3,Ezra Robinson,50671,1038,-23,54,52,54,160,"$3,100"
5,Gannon Buhr,75412,1062,-22,56,53,52,161,"$2,050"
5,Richard Wysocki,38008,1046,-22,56,52,53,161,"$2,050"
7,Eetu Tuominen,131056,1033,-21,58,54,50,162,"$1,650"
8,Nestori Tuhkanen,110462,1022,-20,55,56,52,163,"$1,425"
8,Jake Monn,98722,1030,-20,54,54,55,163,"$1,425"
10,Jakub Knápek,68237,1033,-19,52,58,54,164,"$1,130"
10,Luke Taylor,102119,1034,-19,55,54,55,164,"$1,130"
10,Niklas Anttila,91249,1047,-19,51,56,57,164,"$1,130"
13,Onni Ruusunen,131002,1026,-18,56,56,53,165,$923
13,Robert Burridge,96512,1026,-18,54,57,54,165,$923
13,Sullivan Tipton,78817,1042,-18,56,54,55,165,$923
16,Joona Heinänen,58926,1025,-17,58,57,51,166,$744
16,Evan Scott,89394,1026,-17,57,56,53,166,$744
16,Jaden Rye,153363,1032,-17,58,53,55,166,$744
16,Jesse Nieminen,58923,1029,-17,55,55,56,166,$744
16,Cole Redalen,79748,1034,-17,54,56,56,166,$744
21,Mauri Villmann,107197,1039,-16,52,59,56,167,$638
21,Braeden Sides,129963,1026,-16,57,52,58,167,$638
23,Björn Marrandi,180865,1013,-15,60,55,53,168,$538
23,Anthony Barela,44382,1042,-15,58,56,54,168,$538
23,Andrew Miranda,118426,1022,-15,53,61,54,168,$538
23,Arvid Håkansson,119628,1012,-15,57,56,55,168,$538
23,James Conrad,17295,1016,-15,54,59,55,168,$538
23,Levi Stout,118179,1019,-15,60,52,56,168,$538
23,Gavin Babcock,80331,1037,-15,57,54,57,168,$538
30,Noah Meintsma,56555,1028,-14,58,60,51,169,$445
30,Luukas Rokkanen,64917,1008,-14,54,59,56,169,$445
30,Rainers Balodis,158640,1030,-14,53,60,56,169,$445
30,Isaac Robinson,50670,1047,-14,55,56,58,169,$445
30,Linus Carlsson,82098,1017,-14,54,56,59,169,$445
30,Väinö Mäkelä,59635,1031,-14,56,53,60,169,$445
36,Nikola Arkko,199203,1015,-13,58,58,54,170,$395
36,Raven Newsom,88212,1029,-13,55,60,55,170,$395
36,Luke Humphries,69424,1010,-13,53,62,55,170,$395
36,Aaron Gossage,35449,1040,-13,59,50,61,170,$395
40,Lauri Lehtinen,82297,1038,-12,58,60,53,171,$365
40,Clay Edwards,91397,1020,-12,57,56,58,171,$365
42,Ezra Aderhold,121715,1028,-11,57,58,57,172,$345
42,Roland Kõur,108695,1025,-11,52,63,57,172,$345
44,Hjalmar Fredriksson,116137,1019,-10,60,58,55,173,$162
44,Joseph Anderson,122356,1034,-10,57,60,56,173,$162
44,Teemu Lampainen,107567,1024,-10,57,58,58,173,$162
44,Ryan Monn,144929,1019,-10,56,58,59,173,$162
48,Simon Lizotte,8332,1033,-8,62,55,58,175,
49,Eli Swansen,128050,993,-7,59,63,54,176,
49,Teemu Talikainen,155087,1003,-7,63,55,58,176,
49,Henrik Haaland,174255,1011,-7,62,55,59,176,
49,Daniel Davidsson,76456,1034,-7,59,58,59,176,
49,Harry Chace,131546,1027,-7,55,61,60,176,
49,Jakub Semerád,91925,1028,-7,58,56,62,176,
55,Calvin Lonnquist,145206,1017,-5,67,56,55,178,
55,Matt Bell,48950,1017,-5,61,60,57,178,
55,Elias Luukkonen,106059,1013,-5,63,56,59,178,
55,Morten Kristiansen,111626,990,-5,62,57,59,178,
55,Colin Bryant,130709,1035,-5,60,58,60,178,
55,Bradley Williams,31644,1030,-5,59,58,61,178,
55,Joey Temali,100818,997,-5,57,60,61,178,
62,Fritiof Fagergren,135125,1015,-4,64,58,57,179,
62,Max Ringbom,91175,998,-4,60,60,59,179,
62,Alden Harris,98091,1022,-4,63,56,60,179,
62,Harper Thompson,60259,1026,-4,59,59,61,179,
62,Justus Sarvi,165010,1026,-4,59,58,62,179,
62,Silas Schultz,79047,1033,-4,59,57,63,179,
68,Severi Saviniemi,80974,1010,-3,64,61,55,180,
68,Ture Valtonen,101609,992,-3,62,60,58,180,
68,Dennis Augustsson,98130,1017,-3,59,62,59,180,
68,Alexander Karanzas,204855,985,-3,59,62,59,180,
68,Maico Rimmel,75444,1020,-3,60,57,63,180,
73,Øyvind Jarnes,41884,1022,-2,61,65,55,181,
73,Elias Gripler,79004,1012,-2,62,62,57,181,
73,Axel Wernborg,162717,1002,-2,61,60,60,181,
73,Miio Hämäläinen,201845,1020,-2,63,57,61,181,
73,Peter Lunde,72576,1025,-2,62,58,61,181,
78,Ville Parpala,110596,1015,-1,62,63,57,182,
78,Alexander Standal Borgersrud,182130,997,-1,62,60,60,182,
80,Hugo Fröjdlund,135258,1009,E,65,61,57,183,
80,Julius Mølgaard,165751,1004,E,63,63,57,183,
80,Ben Holding,174343,978,E,62,61,60,183,
83,Samuel Hänninen,87964,1002,+1,65,61,58,184,
83,Gustav Dahlén,102051,1009,+1,64,59,61,184,
83,Hjalte Jensen,129061,1032,+1,62,61,61,184,
83,Blær Örn Ásgeirsson,80554,1004,+1,60,60,64,184,
87,Isak Andersson,123433,997,+2,65,64,56,185,
88,Oiva Päivänsalo,157441,1014,+4,66,63,58,187,
88,Arvid Hansson,176145,967,+4,65,62,60,187,
88,Rienk Kan,89184,997,+4,64,62,61,187,
88,Eetu Salomäki,117593,1011,+4,69,55,63,187,
88,Otto Mäkinen,159317,1017,+4,62,59,66,187,
93,Evald Sandermoen Øwre,124269,992,+5,63,63,62,188,
94,Henric Hagman,59769,1012,+6,61,65,63,189,
94,Knut Valen Håland,35070,1002,+6,60,65,64,189,
96,Josef Berg,95050,1004,+7,67,60,63,190,
96,Olle Fröjdlund,135272,982,+7,66,61,63,190,
96,Rasmus Saukkoriipi,136325,1020,+7,66,61,63,190,
96,Martin Cronacher,229763,1002,+7,62,64,64,190,
100,Holger Håkansson,119626,989,+8,64,63,64,191,
101,Emil Karlsson,190064,994,+9,62,64,66,192,
102,Toke Kyed,126320,991,+10,71,64,58,193,
102,Tobias Söderqvist,54111,995,+10,64,63,66,193,
104,Herman Bentzen Hinkel,113749,972,+11,67,63,64,194,
105,Emile Barbe,57366,992,+12,63,69,63,195,
105,Herman Hatlo,123220,959,+12,68,60,67,195,
107,Albin Widman,103830,969,+13,64,68,64,196,
108,Halvard Solberg,235882,977,+14,68,66,63,197,
109,Håkon Kveseth,74569,996,+16,66,65,68,199,
110,Melker Molin,81376,973,+17,73,61,66,200,
111,Niko Rättyä,52488,974,+19,66,65,71,202,
112,Florian Lingenhel,77589,1005,61,57,999,DNF,,
