1,Richard Wysocki,38008,1046,-28,54,54,53,161,"$8,300"
2,Calvin Heimburg,45971,1051,-26,56,53,54,163,"$3,876"
2,Cole Redalen,79748,1034,-26,54,53,56,163,"$3,876"
4,Silas Schultz,79047,1033,-25,51,59,54,164,"$2,500"
5,Anthony Barela,44382,1042,-24,56,52,57,165,"$1,925"
5,Isaac Robinson,50670,1047,-24,54,53,58,165,"$1,925"
7,Jesse Nieminen,58923,1029,-21,54,57,57,168,"$1,475"
7,Hjalte Jensen,129061,1032,-21,58,52,58,168,"$1,475"
9,Miio Hämäläinen,201845,1020,-20,57,54,58,169,"$1,250"
10,Raven Newsom,88212,1029,-19,62,55,53,170,$937
10,Rasmus Saukkoriipi,136325,1020,-19,58,59,53,170,$937
10,Eagle McMahon,37817,1040,-19,56,60,54,170,$937
10,Gannon Buhr,75412,1062,-19,54,61,55,170,$937
10,Lauri Lehtinen,82297,1038,-19,60,53,57,170,$937
10,Braeden Sides,129963,1026,-19,54,57,59,170,$937
10,Albert Tamm,76669,1019,-19,56,54,60,170,$937
17,Sullivan Tipton,78817,1042,-18,58,55,58,171,$705
17,Jakub Semerád,91925,1028,-18,55,57,59,171,$705
19,Rainers Balodis,158640,1030,-17,60,56,56,172,$630
19,Maico Rimmel,75444,1020,-17,60,55,57,172,$630
19,Nestori Tuhkanen,110462,1022,-17,54,54,64,172,$630
22,Fritiof Fagergren,135125,1015,-16,63,55,55,173,$548
22,Björn Marrandi,180865,1013,-16,62,53,58,173,$548
22,Bradley Williams,31644,1030,-16,53,62,58,173,$548
22,Hjalmar Fredriksson,116137,1019,-16,60,53,60,173,$548
26,Harry Chace,131546,1027,-15,54,64,56,174,$457
26,Aaron Gossage,35449,1040,-15,60,57,57,174,$457
26,Luke Taylor,102119,1034,-15,56,59,59,174,$457
26,Daniel Davidsson,76456,1034,-15,60,54,60,174,$457
26,Teemu Talikainen,155087,1003,-15,56,58,60,174,$457
26,Hugo Fröjdlund,135258,1009,-15,56,57,61,174,$457
26,Eetu Tuominen,131056,1033,-15,56,56,62,174,$457
33,Clay Edwards,91397,1020,-14,59,61,55,175,$400
33,Väinö Mäkelä,59635,1031,-14,59,58,58,175,$400
33,Ezra Aderhold,121715,1028,-14,55,62,58,175,$400
36,Evan Scott,89394,1026,-13,58,60,58,176,$380
37,Arvid Håkansson,119628,1012,-12,59,60,58,177,$343
37,Knut Valen Håland,35070,1002,-12,64,54,59,177,$343
37,Justus Sarvi,165010,1026,-12,59,58,60,177,$343
37,Henrik Haaland,174255,1011,-12,58,58,61,177,$343
37,Ryan Monn,144929,1019,-12,62,53,62,177,$343
37,Otto Mäkinen,159317,1017,-12,57,58,62,177,$343
37,Roland Kõur,108695,1025,-12,57,57,63,177,$343
37,Elias Gripler,79004,1012,-12,58,54,65,177,$343
45,Harper Thompson,60259,1026,-11,61,59,58,178,$104
45,Øyvind Jarnes,41884,1022,-11,61,57,60,178,$104
45,Gavin Babcock,80331,1037,-11,56,61,61,178,$104
48,Levi Stout,118179,1019,-10,63,59,57,179,
48,Onni Ruusunen,131002,1026,-10,59,61,59,179,
48,Niklas Anttila,91249,1047,-10,61,58,60,179,
51,Alexander Karanzas,204855,985,-9,62,62,56,180,
51,Nikola Arkko,199203,1015,-9,63,59,58,180,
51,Simon Lizotte,8332,1033,-9,61,60,59,180,
51,Dennis Augustsson,98130,1017,-9,61,60,59,180,
51,Oiva Päivänsalo,157441,1014,-9,62,57,61,180,
51,Peter Lunde,72576,1025,-9,59,58,63,180,
51,Linus Carlsson,82098,1017,-9,60,56,64,180,
58,Alden Harris,98091,1022,-8,65,57,59,181,
58,Teemu Lampainen,107567,1024,-8,59,63,59,181,
58,Ville Parpala,110596,1015,-8,62,56,63,181,
61,Mauri Villmann,107197,1039,-7,67,56,59,182,
61,Julius Mølgaard,165751,1004,-7,64,57,61,182,
61,James Conrad,17295,1016,-7,63,58,61,182,
61,Eli Swansen,128050,993,-7,61,59,62,182,
65,Noah Meintsma,56555,1028,-6,57,59,67,183,
66,Max Ringbom,91175,998,-5,61,63,60,184,
66,Andrew Miranda,118426,1022,-5,62,61,61,184,
66,Ben Holding,174343,978,-5,60,61,63,184,
66,Ezra Robinson,50671,1038,-5,59,61,64,184,
66,Gustav Dahlén,102051,1009,-5,59,58,67,184,
71,Jake Monn,98722,1030,-4,67,56,62,185,
71,Severi Saviniemi,80974,1010,-4,61,60,64,185,
73,Morten Brenna,79859,1008,-3,63,63,60,186,
73,Halvard Solberg,235882,977,-3,60,63,63,186,
73,Herman Bentzen Hinkel,113749,972,-3,60,61,65,186,
76,Adam Hammes,57365,1039,-2,65,61,61,187,
76,Jaden Rye,153363,1032,-2,64,62,61,187,
76,Ville Von Hertzen,211404,1009,-2,58,68,61,187,
76,Samuel Hänninen,87964,1002,-2,62,62,63,187,
80,Blær Örn Ásgeirsson,80554,1004,-1,62,63,63,188,
80,Alexander Standal Borgersrud,182130,997,-1,61,62,65,188,
80,Joseph Anderson,122356,1034,-1,59,64,65,188,
83,Luke Humphries,69424,1010,E,67,61,61,189,
83,Eetu Salomäki,117593,1011,E,66,62,61,189,
83,Axel Wernborg,162717,1002,E,63,65,61,189,
83,Henric Hagman,59769,1012,E,64,60,65,189,
83,Luukas Rokkanen,64917,1008,E,63,59,67,189,
88,Tobias Hjorteland Schjølberg,165236,988,+1,66,61,63,190,
88,Jakub Knápek,68237,1033,+1,61,64,65,190,
90,Elias Nordberg,278842,961,+2,68,60,63,191,
90,Elias Luukkonen,106059,1013,+2,63,60,68,191,
92,Florian Lingenhel,77589,1005,+3,64,64,64,192,
92,Calvin Lonnquist,145206,1017,+3,63,65,64,192,
92,Isak Andersson,123433,997,+3,60,65,67,192,
92,Matt Bell,48950,1017,+3,64,60,68,192,
96,Joey Temali,100818,997,+4,68,62,63,193,
96,Emil Karlsson,190064,994,+4,67,61,65,193,
96,Ture Valtonen,101609,992,+4,61,67,65,193,
99,Anton Bergqvist,266496,985,+5,64,66,64,194,
99,Silas Evald Wiwe,184512,1002,+5,64,63,67,194,
101,Morten Kristiansen,111626,990,+6,67,57,71,195,
102,Jakob Grøv,263901,968,+7,66,69,61,196,
102,Rienk Kan,89184,997,+7,62,66,68,196,
102,Emile Barbe,57366,992,+7,64,61,71,196,
105,Evald Sandermoen Øwre,124269,992,+8,64,66,67,197,
106,Herman Hatlo,123220,959,+9,67,65,66,198,
106,Holger Håkansson,119626,989,+9,67,62,69,198,
108,Melker Molin,81376,973,+10,70,65,64,199,
109,Niko Rättyä,52488,974,+12,64,68,69,201,
109,Jacob Blair,52785,1008,+12,66,65,70,201,
111,Martin Cronacher,229763,1002,+16,71,67,67,205,
112,Espen Normann Paulsen,95645,981,70,64,999,DNF,,
