1,Evan Smith,101574,1040,-32,54,49,57,160,"$12,500"
2,Gannon Buhr,75412,1063,-24,59,53,56,168,"$5,751"
2,Austin Turner,54049,1030,-24,54,57,57,168,"$5,751"
4,Sullivan Tipton,78817,1039,-22,59,59,52,170,"$3,100"
5,Paul Krans,132521,1034,-21,61,56,54,171,"$2,600"
6,Luke Taylor,102119,1037,-20,58,58,56,172,"$1,822"
6,Niklas Anttila,91249,1044,-20,59,54,59,172,"$1,822"
6,Evan Walker,190731,1027,-20,58,55,59,172,"$1,822"
6,Calvin Heimburg,45971,1052,-20,55,57,60,172,"$1,822"
6,Silas Schultz,79047,1032,-20,55,56,61,172,"$1,822"
11,Jaden Rye,153363,1030,-19,61,59,53,173,"$1,460"
12,Chris Clemons,50401,1015,-18,59,59,56,174,"$1,375"
12,Adam Hammes,57365,1037,-18,62,54,58,174,"$1,375"
14,Richard Wysocki,38008,1051,-17,61,59,55,175,"$1,275"
14,Isaac Robinson,50670,1047,-17,65,54,56,175,"$1,275"
16,Casey White,81739,1035,-16,58,60,58,176,"$1,175"
16,Colin Bryant,130709,1032,-16,56,61,59,176,"$1,175"
18,Lucas Oberholtzer Hess,90439,1019,-15,62,56,59,177,"$1,048"
18,Gavin Babcock,80331,1038,-15,61,56,60,177,"$1,048"
18,Aaron Gossage,35449,1037,-15,57,58,62,177,"$1,048"
21,Joseph Anderson,122356,1031,-14,61,62,55,178,$945
21,Zachary Nash,101197,1033,-14,56,63,59,178,$945
23,Chris Dickerson,62467,1041,-13,62,58,59,179,$870
23,Ryan Monn,144929,1019,-13,61,59,59,179,$870
23,Connor O'Reilly,99648,1012,-13,59,59,61,179,$870
26,Ezra Robinson,50671,1038,-12,66,57,57,180,$780
26,Ezra Aderhold,121715,1023,-12,65,57,58,180,$780
26,Jesse Longenecker,149546,1024,-12,59,59,62,180,$780
29,Jesse Nieminen,58923,1031,-11,62,63,56,181,$693
29,Mason Ford,72844,1037,-11,64,59,58,181,$693
29,Gavin Phillips,119504,1017,-11,63,59,59,181,$693
32,Paul Ulibarri,27171,1030,-10,63,64,55,182,$620
32,Anthony Barela,44382,1041,-10,62,63,57,182,$620
32,Raven Newsom,88212,1030,-10,62,62,58,182,$620
32,Dallas Garber,138089,1018,-10,60,63,59,182,$620
36,Cole Redalen,79748,1036,-9,62,63,58,183,$540
36,Austen Bates,130724,1024,-9,64,60,59,183,$540
36,Ty Love,89959,1023,-9,61,61,61,183,$540
36,Elijah Rider Brandt,143853,1009,-9,60,61,62,183,$540
40,Jake Hebenheimer,43762,1018,-8,57,62,65,184,$490
41,Albert Tamm,76669,1022,-7,63,67,55,185,$448
41,Harper Thompson,60259,1025,-7,65,60,60,185,$448
41,Parker Welck,39491,1031,-7,64,59,62,185,$448
41,Andrew Marwede,75590,1038,-7,58,64,63,185,$448
45,Luke Samson,59419,1014,-6,66,59,61,186,$204
45,Dawson Snelling,45739,1018,-6,62,63,61,186,$204
45,Evan Scott,89394,1027,-6,62,62,62,186,$204
45,Zach Arlinghaus,65266,1022,-6,60,63,63,186,$204
45,Joey Temali,100818,995,-6,60,62,64,186,$204
45,Rasmus Saukkoriipi,136325,1021,-6,60,61,65,186,$204
51,Nathan Sexton,18824,1019,-5,68,60,59,187,
51,Corey Ellis,44512,1033,-5,63,65,59,187,
51,Harry Chace,131546,1026,-5,58,67,62,187,
51,Lucas Carmichael,151146,1007,-5,67,57,63,187,
55,Ryan Mulder,111887,1010,-4,64,64,60,188,
55,TJ Reel,137836,1006,-4,56,72,60,188,
55,Wyatt Mahoney,89460,1023,-4,63,62,63,188,
58,Väinö Mäkelä,59635,1033,-3,66,62,61,189,
58,Miles Sayer,91543,1013,-3,68,58,63,189,
58,Benjamin Callaway,39015,1021,-3,67,58,64,189,
58,Elijah Bickel,94844,1023,-3,64,59,66,189,
62,Andrew Presnell,63765,1029,-2,62,65,63,190,
62,Clay Edwards,91397,1021,-2,65,61,64,190,
64,Kyle Krieckhaus,154511,1021,-1,67,62,62,191,
64,Chandler Kramer,139228,1025,-1,65,61,65,191,
64,Joel Freeman,69509,1040,-1,67,57,67,191,
67,Robert Burridge,96512,1024,E,65,63,64,192,
67,Garrett Gurthie,13864,1022,E,64,64,64,192,
67,Andrew Miranda,118426,1023,E,64,62,66,192,
67,Bo McLaughlin,87143,1018,E,66,59,67,192,
67,Ethan Bishop,212280,1004,E,64,61,67,192,
72,Sawyer Barlow,165190,1010,+1,72,62,59,193,
73,James Conrad,17295,1018,+2,74,56,64,194,
74,Gavin Bos,187956,1013,+3,65,69,61,195,
74,Calvin Lonnquist,145206,1017,+3,68,62,65,195,
74,Matthew Orum,18330,1030,+3,67,63,65,195,
74,Eli Swansen,128050,994,+3,65,65,65,195,
74,Luke Humphries,69424,1013,+3,62,59,74,195,
79,Jake Lauber,44782,990,+4,66,66,64,196,
80,Aidan Hosler,145729,999,+5,67,61,69,197,
81,Kevin Jones,41760,1012,+6,66,62,70,198,
82,Caleb Bruce,101944,1010,+7,66,69,64,199,
82,Levi Stout,118179,1020,+7,72,61,66,199,
84,Cam Rico,28560,1010,+8,67,61,72,200,
85,Payton Mergen,239942,1000,+9,72,69,60,201,
85,Jake Monn,98722,1030,+9,63,64,74,201,
87,Calvin Delamere,128278,1001,+10,65,68,69,202,
88,Anders Lind,137292,1004,+11,67,68,68,203,
89,Gregg Barsby,15857,1022,+12,69,66,69,204,
90,Toby Mergen,239943,971,+13,68,69,68,205,
91,Gillis MacDougall,124607,1007,+15,72,68,67,207,
91,Nathan Queen,68286,1023,+15,70,69,68,207,
91,Andrew Fish,58320,1008,+15,72,64,71,207,
91,Keith Friestad,164884,973,+15,67,69,71,207,
91,Jared Stoll,68103,994,+15,69,66,72,207,
96,J Milly,235673,977,+17,70,72,67,209,
96,Colby Schefers,174519,986,+17,74,67,68,209,
96,Colten Montgomery,35876,1005,+17,69,72,68,209,
96,Jasper Wirth,223025,997,+17,68,66,75,209,
100,David Konoplev,134053,994,+18,69,68,73,210,
100,John Ryan III,46920,988,+18,66,71,73,210,
102,Trevon Crowe,67172,998,+19,68,74,69,211,
102,Braeden Sides,129963,1028,+19,69,68,74,211,
104,Donovan Stein,137733,1009,+20,75,65,72,212,
105,Jesse Henderson,52564,950,+21,72,69,72,213,
106,Kaden Goodyear,275526,972,+22,73,72,69,214,
107,Alex Berg,65488,989,+25,75,72,70,217,
108,James Stephenson,171880,997,+26,76,74,68,218,
109,Robert Johnson,143099,969,+29,72,75,74,221,
110,Gage Johnson,175824,980,+31,77,72,74,223,
111,Jamison Monroe,138791,975,+37,68,77,84,229,
112,Bradley Williams,31644,1032,68,59,999,DNF,,
112,Kyle Klein,85132,1038,999,DNF,,,,
114,Nate Corder,44800,986,67,73,999,DNF,,
114,Isaac Goodman,88455,939,90,86,999,DNF,,
114,Avery Jenkins,7495,990,72,999,DNF,,,
