1,Silas Schultz,79047,1033,-35,61,58,61,57,56,293,"$30,000"
2,Rainers Balodis,158640,1029,-35,64,58,59,53,59,293,"$20,000"
3,Zachary Nash,101197,1035,-32,63,57,62,61,53,296,"$13,167"
3,Isaac Robinson,50670,1048,-32,62,58,57,63,56,296,"$13,167"
3,Jake Monn,98722,1028,-32,57,59,59,64,57,296,"$13,167"
6,Richard Wysocki,38008,1053,-31,64,58,62,55,58,297,"$8,600"
7,Anthony Barela,44382,1038,-30,59,60,58,62,59,298,"$7,500"
8,Austin Turner,54049,1030,-29,64,59,62,57,57,299,"$5,850"
8,Gannon Buhr,75412,1062,-29,59,61,61,59,59,299,"$5,850"
10,Aaron Gossage,35449,1035,-28,59,58,59,61,63,300,"$4,550"
11,Calvin Heimburg,45971,1052,-27,62,63,59,61,56,301,"$3,950"
12,Eagle McMahon,37817,1045,-26,66,60,58,62,56,302,"$3,083"
12,Rasmus Saukkoriipi,136325,1018,-26,59,61,62,62,58,302,"$3,083"
12,Cole Redalen,79748,1038,-26,63,61,58,58,62,302,"$3,083"
15,Jake Hebenheimer,43762,1025,-25,64,60,65,57,57,303,"$2,450"
16,Joseph Anderson,122356,1032,-24,57,63,57,67,60,304,"$2,175"
17,Paul McBeth,27523,1048,-23,60,66,61,61,57,305,"$1,940"
17,Adam Hammes,57365,1039,-23,59,65,59,62,60,305,"$1,940"
19,Nestori Tuhkanen,110462,1029,-22,63,61,61,60,61,306,"$1,765"
20,Joona Heinänen,58926,1028,-21,68,60,61,60,58,307,"$1,580"
20,Levi Stout,118179,1020,-21,62,64,59,63,59,307,"$1,580"
20,Niklas Anttila,91249,1042,-21,60,66,59,63,59,307,"$1,580"
20,Teemu Lampainen,107567,1028,-21,62,66,60,59,60,307,"$1,580"
24,Chris Dickerson,62467,1043,-20,66,60,65,58,59,308,"$1,460"
24,Casey White,81739,1036,-20,62,62,56,65,63,308,"$1,460"
26,Daniel Davidsson,76456,1036,-19,59,65,66,59,60,309,"$1,400"
26,Raven Newsom,88212,1030,-19,63,63,60,61,62,309,"$1,400"
28,Mauri Villmann,107197,1042,-18,66,62,62,60,60,310,"$1,360"
29,Andrew Presnell,63765,1029,-16,65,62,62,61,62,312,"$1,323"
29,Väinö Mäkelä,59635,1030,-16,61,63,59,66,63,312,"$1,323"
31,Cale Leiviska,24341,1035,-15,67,62,59,63,62,313,"$1,273"
31,Ty Love,89959,1024,-15,64,68,55,61,65,313,"$1,273"
33,Luke Taylor,102119,1041,-14,62,65,62,66,59,314,"$1,235"
34,Braeden Sides,129963,1026,-13,66,68,58,61,62,315,"$1,200"
34,Sullivan Tipton,78817,1041,-13,61,65,68,58,63,315,"$1,200"
36,Jaden Rye,153363,1029,-12,65,64,64,62,61,316,"$1,160"
37,Jesse Nieminen,58923,1031,-11,65,68,62,65,57,317,"$1,091"
37,Wyatt Mahoney,89460,1021,-11,66,66,61,65,59,317,"$1,091"
37,Harry Chace,131546,1024,-11,65,67,64,59,62,317,"$1,091"
37,Lauri Lehtinen,82297,1035,-11,64,64,63,64,62,317,"$1,091"
37,Kevin Jones,41760,1009,-11,63,68,61,59,66,317,"$1,091"
42,Ezra Aderhold,121715,1022,-10,69,62,67,58,62,318,$998
42,Lucas Oberholtzer Hess,90439,1020,-10,67,59,63,66,63,318,$998
42,Elijah Rider Brandt,143853,1010,-10,65,64,65,60,64,318,$998
42,Evan Scott,89394,1028,-10,63,65,61,63,66,318,$998
42,Ryan Monn,144929,1021,-10,63,64,61,63,67,318,$998
47,Colin Bryant,130709,1033,-9,67,64,65,61,62,319,$910
47,Emerson Keith,47472,1026,-9,67,62,64,64,62,319,$910
47,Evan Smith,101574,1043,-9,56,67,63,67,66,319,$910
47,Fritiof Fagergren,135125,1018,-9,65,62,60,63,69,319,$910
51,Ezra Robinson,50671,1034,-8,63,68,64,64,61,320,$820
51,Mason Ford,72844,1035,-8,63,67,65,64,61,320,$820
51,Paul Krans,132521,1036,-8,67,67,60,64,62,320,$820
51,Kyle Holt,118412,1010,-8,67,60,64,60,69,320,$820
55,Andrew Marwede,75590,1037,-7,64,66,65,62,64,321,$750
55,Jakub Semerád,91925,1028,-7,64,68,61,63,65,321,$750
57,Simon Lizotte,8332,1032,-6,68,54,67,64,69,322,$720
58,Carson Ham,163350,1004,-5,65,63,65,65,65,323,$700
59,Albert Tamm,76669,1020,-4,67,65,60,71,61,324,$675
59,Matthew Orum,18330,1029,-4,64,73,62,63,62,324,$675
59,Corey Ellis,44512,1031,-4,61,64,75,61,63,324,$675
59,Kyle Klein,85132,1036,-4,70,63,64,62,65,324,$675
63,Garrett Gurthie,13864,1022,-3,68,68,62,61,66,325,$645
63,Kevin Kiefer III,97115,1022,-3,69,66,60,64,66,325,$645
65,Arvid Håkansson,119628,1021,-2,63,69,66,64,64,326,$602
65,Elijah Bickel,94844,1023,-2,61,71,69,60,65,326,$602
65,Chandler Kramer,139228,1025,-2,66,64,65,65,66,326,$602
65,J.J. Campbell,170839,1013,-2,63,67,62,66,68,326,$602
65,Paul Ulibarri,27171,1030,-2,66,62,62,66,70,326,$602
70,Jonathan Borzick,119794,1031,-1,59,70,68,64,66,327,$573
70,Gavin Babcock,80331,1038,-1,66,65,64,62,70,327,$573
72,Gillis MacDougall,124607,1007,E,70,63,65,65,65,328,$563
72,James Conrad,17295,1018,E,64,66,66,65,67,328,$563
74,Amos Kauder,235458,1003,+1,66,66,64,65,68,329,$553
74,Otto Mäkinen,159317,1021,+1,64,64,67,65,69,329,$553
76,Luke Samson,59419,1014,+2,64,65,68,65,68,330,$543
76,Cam Rico,28560,1011,+2,70,61,64,65,70,330,$543
78,Clay Edwards,91397,1023,+3,64,67,64,66,70,331,$530
79,Bradley Williams,31644,1031,+4,64,62,71,66,69,332,$517
79,Axel Olson,120743,1011,+4,66,68,61,68,69,332,$517
79,Aviel Gomez,127492,1026,+4,64,60,67,72,69,332,$517
79,Alden Harris,98091,1019,+4,71,64,59,68,70,332,$517
83,Aidan Scott,99246,1026,+7,74,64,63,62,72,335,$505
84,Lucas Carmichael,151146,1006,+8,65,61,73,59,78,336,$500
85,Andrew Martin,54302,1010,+2,71,73,59,61,264,,
85,Colton Lawless,146679,1001,+2,65,70,65,64,264,,
85,Chandler Fry,25541,1005,+2,62,68,70,64,264,,
85,Nikko Locastro,11534,1013,+2,65,67,66,66,264,,
85,Kyle Krieckhaus,154511,1016,+2,68,63,66,67,264,,
90,Hjalmar Fredriksson,116137,1018,+3,72,62,64,67,265,,
90,Frank Smith,99092,1012,+3,68,64,65,68,265,,
90,Sylus Williams,131330,1013,+3,65,63,68,69,265,,
90,Austen Bates,130724,1027,+3,70,61,64,70,265,,
94,Jacky Chen,128836,1019,+4,69,70,62,65,266,,
94,Emmanuel Torres,68986,1023,+4,72,66,62,66,266,,
94,Chris Clemons,50401,1017,+4,69,69,62,66,266,,
94,Matthew Alexander,138103,1006,+4,66,67,67,66,266,,
94,Evan Walker,190731,1028,+4,68,63,65,70,266,,
99,Benjamin Callaway,39015,1018,+5,76,61,65,65,267,,
99,Zach Arlinghaus,65266,1021,+5,72,65,64,66,267,,
99,Noah Fiveash,99153,983,+5,66,69,65,67,267,,
99,Gavin Phillips,119504,1018,+5,65,68,66,68,267,,
99,Caleb Bruce,101944,1006,+5,66,65,68,68,267,,
99,Titus Davie,115713,1014,+5,63,73,62,69,267,,
99,Harper Thompson,60259,1025,+5,68,65,63,71,267,,
106,Matias Kalaoja,80858,1002,+6,63,67,74,64,268,,
106,Thomas Earhart,54106,1020,+6,68,67,68,65,268,,
106,Nathan Queen,68286,1020,+6,66,65,70,67,268,,
106,Bennett Doemland,123741,996,+6,67,69,64,68,268,,
106,Lucas Wright,129632,999,+6,65,69,62,72,268,,
111,Parker Welck,39491,1030,+7,75,58,69,67,269,,
111,Miles Sayer,91543,1013,+7,62,70,70,67,269,,
111,Tomáš Mozola,103693,993,+7,68,68,65,68,269,,
111,Alexander Krause,100061,1016,+7,61,66,72,70,269,,
115,Jesse Longenecker,149546,1027,+8,73,77,58,62,270,,
115,Rico Garcia,94883,1000,+8,74,66,64,66,270,,
115,Bo McLaughlin,87143,1018,+8,70,64,68,68,270,,
115,Robert Burridge,96512,1022,+8,66,66,69,69,270,,
119,Gavin King,134643,1004,+9,72,67,67,65,271,,
119,Aidan Hosler,145729,1000,+9,62,72,70,67,271,,
119,Calvin Lonnquist,145206,1014,+9,66,65,73,67,271,,
119,G.T. Hancock,49885,1022,+9,72,66,64,69,271,,
119,Jakub Knápek,68237,1022,+9,69,63,70,69,271,,
119,Justin Rosak,98161,996,+9,67,66,68,70,271,,
119,Connor O'Reilly,99648,1014,+9,62,68,70,71,271,,
119,Ben Holding,174343,982,+9,65,65,68,73,271,,
127,ZACH PETERS,202561,1007,+10,73,67,68,64,272,,
127,Jedd Berger,152206,1011,+10,68,68,69,67,272,,
127,Ellert Georgsson,152023,994,+10,73,68,63,68,272,,
127,Tanner Boggs,140065,1009,+10,67,69,68,68,272,,
127,Zach Melton,38631,996,+10,70,68,64,70,272,,
127,Dennis Augustsson,98130,1019,+10,70,68,62,72,272,,
133,Nate Metzler,41220,1006,+11,70,71,70,62,273,,
133,Colten Montgomery,35876,1001,+11,70,65,74,64,273,,
133,Henry Schlabach,188651,1007,+11,70,71,66,66,273,,
133,David Perry,116692,1022,+11,77,65,63,68,273,,
133,Randon Latta,51685,1001,+11,74,64,65,70,273,,
133,Alan Vazquez,198236,1004,+11,67,67,66,73,273,,
133,David Fleck,129332,1009,+11,70,64,65,74,273,,
140,Ryan Jewell,180216,1003,+12,72,66,65,71,274,,
140,Drew Gibson,48346,1024,+12,70,68,65,71,274,,
142,Ian Burchett,60435,1014,+13,73,69,66,67,275,,
142,Parker Austin,165881,1005,+13,69,69,70,67,275,,
142,Edgars Saulitis,161625,994,+13,66,70,67,72,275,,
145,Joshua Bizzle,177435,1007,+14,72,68,71,65,276,,
145,Jamie Kiep,68815,1019,+14,69,74,66,67,276,,
145,Martin Hendel,39469,1015,+14,68,71,67,70,276,,
145,Sias Elmore,57425,1009,+14,63,66,76,71,276,,
149,Tim Barham,53332,1019,+15,73,71,66,67,277,,
149,Shane Anderson,35798,993,+15,70,71,69,67,277,,
149,Garett Everson,98164,1015,+15,66,70,71,70,277,,
149,Charlie Moore,78268,1005,+15,70,69,67,71,277,,
153,Calvin Delamere,128278,996,+16,72,71,67,68,278,,
153,Andrew Miranda,118426,1021,+16,77,63,65,73,278,,
155,James Corder,139058,1004,+17,74,70,69,66,279,,
155,Nicholas Gill,33838,1014,+17,72,71,68,68,279,,
155,Nate Corder,44800,989,+17,70,70,70,69,279,,
155,Tuomas Hyytiäinen,65715,1016,+17,79,69,61,70,279,,
155,Jason Sosnowski,39562,991,+17,66,73,69,71,279,,
160,Tim Alderson,182651,994,+18,73,66,70,71,280,,
160,Ross Kimbrell,218255,985,+18,70,69,68,73,280,,
160,Sam Smigiel,37009,1004,+18,71,70,65,74,280,,
163,Thomas Gilbert,85850,1027,+19,78,69,68,66,281,,
163,Tee Vetne,62088,1000,+19,73,69,69,70,281,,
163,Kevin Fodrey,146804,1002,+19,78,65,66,72,281,,
163,Avery Jenkins,7495,985,+19,71,68,69,73,281,,
167,Stephen Becker,122140,994,+20,76,67,71,68,282,,
167,Collin Thompson,107074,996,+20,68,70,71,73,282,,
169,Guthrie Collins,147951,1007,+21,73,71,70,69,283,,
169,Kyle Williams,40128,1006,+21,70,74,70,69,283,,
169,Michael Babbitt,86291,1008,+21,68,72,73,70,283,,
172,Benjamin Vansumeren,110035,990,+22,69,75,69,71,284,,
172,Brock Tennyson,186647,983,+22,73,66,71,74,284,,
174,Nathan Miske,126080,994,+23,75,72,71,67,285,,
174,Lincoln Lloyd,136449,989,+23,72,68,69,76,285,,
176,Chris Kelley,206380,993,+24,73,75,65,73,286,,
176,Oskar Żuchliński,210677,981,+24,70,69,66,81,286,,
178,Jaime Velasquez,251455,958,+25,71,76,71,69,287,,
178,Andrew Fish,58320,1002,+25,69,74,71,73,287,,
178,Giorgio Diena,216216,976,+25,71,71,71,74,287,,
181,Blaz Petrovic,163272,969,+27,70,76,76,67,289,,
182,Trevor Dominy,74823,993,+29,70,76,73,72,291,,
182,Trevon Crowe,67172,997,+29,70,78,70,73,291,,
182,Nick Schultz,47589,1000,+29,73,75,67,76,291,,
185,George Beno,49225,992,+31,74,73,74,72,293,,
185,Tyler Hamilton,32492,986,+31,77,72,71,73,293,,
185,Alex Anderson,51894,992,+31,71,78,71,73,293,,
185,Hayden Carroll,124016,1006,+31,66,77,77,73,293,,
185,Patrick Burke,28567,995,+31,70,71,71,81,293,,
190,Adrian Chevalier,104894,1007,+32,76,72,72,74,294,,
191,John Jones,43834,998,+33,75,71,72,77,295,,
191,Herbert Grünsteidl,165234,957,+33,67,74,67,87,295,,
193,Matt Doughten,166025,991,+34,75,70,75,76,296,,
194,Ethan Hine,153763,991,+36,77,72,71,78,298,,
195,Yehuda Shenvald,203055,962,+37,67,81,78,73,299,,
195,James Bates,31509,984,+37,73,75,76,75,299,,
197,Matthew Henderson,156874,995,+39,74,82,67,78,301,,
198,Nathaniel Weaver,118469,980,+40,77,71,76,78,302,,
199,Jeremiah Kraus,38737,991,+41,79,80,74,70,303,,
199,Andrew Zinck,189000,998,+41,77,74,74,78,303,,
201,Thomas Tomaselli,80904,1002,+43,74,82,73,76,305,,
202,Alex Berg,65488,988,+44,82,72,75,77,306,,
203,Daniel Vasquez,258421,968,+46,84,77,74,73,308,,
204,Nick Robertson,127048,1010,+93,82,92,90,91,355,,
205,Matt Bell,48950,1013,64,65,68,999,DNF,,,
205,Xaelen Nash,46192,1025,63,70,67,999,DNF,,,
205,Dallas Garber,138089,1021,67,65,73,999,DNF,,,
205,Sander Bahnerth,29215,960,75,86,83,999,DNF,,,
