1,Paul Ulibarri,27171,1028,-36,56,56,56,54,222,"$12,000"
2,Ezra Robinson,50671,1037,-36,53,58,54,57,222,"$7,000"
3,Jaden Rye,153363,1029,-35,61,56,55,51,223,"$4,100"
3,Kyle Klein,85132,1041,-35,56,55,53,59,223,"$4,100"
5,Sullivan Tipton,78817,1040,-34,58,55,57,54,224,"$2,500"
5,Evan Scott,89394,1027,-34,57,55,53,59,224,"$2,500"
7,Gannon Buhr,75412,1061,-33,61,53,55,56,225,"$1,823"
7,Anthony Barela,44382,1039,-33,64,53,51,57,225,"$1,823"
7,Calvin Heimburg,45971,1049,-33,59,57,51,58,225,"$1,823"
10,Adam Hammes,57365,1033,-31,58,61,54,54,227,"$1,550"
10,Luke Humphries,69424,1009,-31,56,52,61,58,227,"$1,550"
12,Niklas Anttila,91249,1046,-29,57,58,58,56,229,"$1,360"
12,Jesse Nieminen,58923,1029,-29,58,59,54,58,229,"$1,360"
12,Paul Krans,132521,1032,-29,59,57,53,60,229,"$1,360"
12,Clay Edwards,91397,1021,-29,55,54,60,60,229,"$1,360"
16,Andrew Marwede,75590,1035,-28,58,56,58,58,230,"$1,210"
17,Jakub Semerád,91925,1026,-27,58,58,59,56,231,"$1,125"
17,Mason Ford,72844,1033,-27,58,59,57,57,231,"$1,125"
19,Casey White,81739,1033,-26,60,60,52,60,232,"$1,003"
19,Simon Lizotte,8332,1034,-26,59,51,62,60,232,"$1,003"
19,Luke Taylor,102119,1037,-26,60,55,53,64,232,"$1,003"
22,Gavin Babcock,80331,1030,-25,60,59,57,57,233,$885
22,Robert Burridge,96512,1024,-25,57,55,62,59,233,$885
22,Austin Turner,54049,1028,-25,57,56,60,60,233,$885
22,Chris Dickerson,62467,1038,-25,54,59,58,62,233,$885
26,Richard Wysocki,38008,1050,-24,61,58,58,57,234,$780
26,Jake Hebenheimer,43762,1019,-24,60,59,58,57,234,$780
26,Joseph Anderson,122356,1035,-24,62,56,57,59,234,$780
29,Matthew Orum,18330,1030,-21,60,60,60,57,237,$720
30,Andrew Miranda,118426,1015,-20,61,63,57,57,238,$604
30,Parker Welck,39491,1030,-20,62,61,58,57,238,$604
30,Corey Ellis,44512,1031,-20,64,57,60,57,238,$604
30,Chandler Kramer,139228,1025,-20,63,58,60,57,238,$604
30,Jake Monn,98722,1029,-20,63,61,56,58,238,$604
30,Zane Letts,57544,1016,-20,61,61,57,59,238,$604
30,Harry Chace,131546,1024,-20,61,62,54,61,238,$604
37,Silas Schultz,79047,1031,-19,63,59,59,58,239,$480
37,Zachary Nash,101197,1032,-19,58,62,60,59,239,$480
37,Mauri Villmann,107197,1041,-19,57,66,56,60,239,$480
37,Isaac Robinson,50670,1047,-19,55,57,66,61,239,$480
41,Andrew Presnell,63765,1030,-18,62,58,58,62,240,$419
41,Garrett Gurthie,13864,1017,-18,62,60,53,65,240,$419
41,Ezra Aderhold,121715,1027,-18,62,56,57,65,240,$419
44,Ryan Monn,144929,1021,-17,59,62,58,62,241,$400
45,Elias Luukkonen,106059,1014,-16,63,58,56,65,242,$150
46,Noah Feil,242013,999,-15,63,62,56,62,243,
46,G.T. Hancock,49885,1026,-15,59,59,59,66,243,$140
48,Zach Arlinghaus,65266,1022,-14,60,62,59,63,244,$120
48,Oiva Päivänsalo,157441,1012,-14,62,60,58,64,244,$110
50,Calvin Lonnquist,145206,1015,-12,59,64,58,65,246,$100
51,Fredy Meza,100497,1017,-13,64,60,58,182,,
51,Bo McLaughlin,87143,1016,-13,64,59,59,182,,
51,Luke Samson,59419,1017,-13,59,61,62,182,,
51,Sam DiCarlo,115742,1002,-13,62,57,63,182,,
55,Chris Clemons,50401,1013,-12,65,60,58,183,,
55,Braeden Sides,129963,1026,-12,60,63,60,183,,
57,Raven Newsom,88212,1030,-11,66,62,56,184,,
57,Harper Thompson,60259,1026,-11,62,63,59,184,,
57,Austen Bates,130724,1025,-11,62,63,59,184,,
57,Dylan Capaccioli,122655,1019,-11,60,65,59,184,,
57,J.J. Campbell,170839,1006,-11,61,59,64,184,,
62,Ty Love,89959,1024,-10,63,65,57,185,,
62,Albert Tamm,76669,1020,-10,63,61,61,185,,
64,Kyle Krieckhaus,154511,1018,-9,61,62,63,186,,
64,Levi Stout,118179,1025,-9,62,60,64,186,,
64,Cole Redalen,79748,1036,-9,60,62,64,186,,
67,Gavin Phillips,119504,1018,-8,67,59,61,187,,
67,Connor O'Reilly,99648,1010,-8,60,66,61,187,,
67,Maxime Tanghe,8399,1012,-8,58,68,61,187,,
67,James Conrad,17295,1012,-8,67,58,62,187,,
71,Aaron Gossage,35449,1042,-7,63,68,57,188,,
71,Alden Harris,98091,1023,-7,66,63,59,188,,
71,Elijah Rider Brandt,143853,1006,-7,69,59,60,188,,
71,Colton Lawless,146679,1005,-7,66,61,61,188,,
75,Logan Plake,76846,1007,-5,65,63,62,190,,
75,Elijah Bickel,94844,1021,-5,64,62,64,190,,
77,Dallas Garber,138089,1020,-4,71,60,60,191,,
77,Emerson Keith,47472,1030,-4,66,64,61,191,,
79,Jayden Torres,108560,992,-3,60,71,61,192,,
79,Reese Petersen,213243,1001,-3,61,62,69,192,,
81,Ian Fredrickson,77821,1003,-2,69,64,60,193,,
81,Hayden Frederiksen,205985,1004,-2,65,65,63,193,,
81,Matt Bell,48950,1020,-2,64,63,66,193,,
81,Trevon Crowe,67172,1001,-2,61,66,66,193,,
85,Parker Austin,165881,1008,-1,65,65,64,194,,
86,Colby Schefers,174519,972,E,68,66,61,195,,
87,Ryan Jewell,180216,1011,+1,60,67,69,196,,
87,Jimmy Martinez,75178,993,+1,61,64,71,196,,
89,Matthew Alexander,138103,1007,+2,73,62,62,197,,
89,Bennett Doemland,123741,1000,+2,71,60,66,197,,
89,Nate Corder,44800,986,+2,64,66,67,197,,
92,Jacob Courtis,56511,1008,+4,67,69,63,199,,
92,Alex Berg,65488,983,+4,67,64,68,199,,
94,Marshall Blanks,56886,986,+6,65,70,66,201,,
94,Noah Baker,86443,1015,+6,65,69,67,201,,
94,Jarod O'Brien,92426,1020,+6,64,66,71,201,,
97,Adrian Zapata,64554,974,+7,72,63,67,202,,
97,Eli Swansen,128050,993,+7,65,67,70,202,,
99,Landon Knight,47662,994,+10,71,67,67,205,,
99,Guy Melms,146420,981,+10,66,70,69,205,,
101,Ben Holding,174343,974,+11,69,68,69,206,,
102,Henry Bente,137625,1006,+12,71,68,68,207,,
103,Joey Temali,100818,990,+13,64,77,67,208,,
104,Colten Montgomery,35876,1010,+17,73,65,74,212,,
105,Peyton Mansell,135467,985,+18,75,70,68,213,,
106,Mick Walter,137957,968,+23,70,73,75,218,,
107,Bill Kirk,99832,951,+30,77,71,77,225,,
108,Bradley Williams,31644,1031,66,59,888,DNF,,,
