1,Calvin Heimburg,45971,1049,-37,52,57,55,61,225,"$12,000"
2,Gannon Buhr,75412,1061,-37,58,58,53,56,225,"$7,000"
3,Gavin Babcock,80331,1031,-29,57,53,65,58,233,"$4,250"
3,Adam Hammes,57365,1036,-29,61,53,58,61,233,"$4,250"
5,Anthony Barela,44382,1041,-25,60,56,59,62,237,"$2,500"
5,Zachary Nash,101197,1033,-25,55,58,60,64,237,"$2,500"
7,Ezra Robinson,50671,1036,-24,58,65,58,57,238,"$2,000"
8,Isaac Robinson,50670,1048,-22,61,57,63,59,240,"$1,720"
8,Andrew Marwede,75590,1036,-22,58,58,63,61,240,"$1,720"
10,Parker Welck,39491,1029,-21,56,54,68,63,241,"$1,590"
11,Aaron Gossage,35449,1039,-20,59,62,63,58,242,"$1,450"
11,Jaden Rye,153363,1029,-20,63,56,62,61,242,"$1,450"
11,Corey Ellis,44512,1032,-20,59,57,62,64,242,"$1,450"
14,Bradley Williams,31644,1031,-19,64,58,60,61,243,"$1,300"
14,Eagle McMahon,37817,1038,-19,59,57,64,63,243,"$1,300"
16,James Conrad,17295,1012,-18,59,63,62,60,244,"$1,180"
16,Silas Schultz,79047,1031,-18,59,57,65,63,244,"$1,180"
18,Richard Wysocki,38008,1050,-17,66,56,63,60,245,"$1,075"
18,Paul Krans,132521,1032,-17,59,58,64,64,245,"$1,075"
20,Jakub Semerád,91925,1026,-16,59,62,65,60,246,"$1,000"
21,Ezra Aderhold,121715,1028,-15,62,64,59,62,247,$960
22,Väinö Mäkelä,59635,1030,-14,60,60,64,64,248,$930
23,Noah Meintsma,56555,1024,-13,67,65,56,61,249,$840
23,Andrew Miranda,118426,1018,-13,66,56,64,63,249,$840
23,Dallas Garber,138089,1019,-13,57,68,58,66,249,$840
23,Luke Taylor,102119,1034,-13,57,60,66,66,249,$840
23,Simon Lizotte,8332,1033,-13,67,55,59,68,249,$840
28,Clay Edwards,91397,1021,-12,61,64,62,63,250,$705
28,Cole Redalen,79748,1036,-12,60,62,65,63,250,$705
28,Matthew Orum,18330,1030,-12,59,65,59,67,250,$705
28,Elijah Bickel,94844,1022,-12,57,61,64,68,250,$705
32,Joseph Anderson,122356,1034,-11,61,64,63,63,251,$630
33,Evan Scott,89394,1026,-10,62,67,62,61,252,$575
33,Chandler Kramer,139228,1026,-10,65,57,66,64,252,$575
33,Braeden Sides,129963,1026,-10,61,62,63,66,252,$575
36,Jake Monn,98722,1031,-9,66,65,61,61,253,$510
36,Casey White,81739,1034,-9,62,69,60,62,253,$510
36,Calvin Lonnquist,145206,1014,-9,63,61,64,65,253,$510
39,Levi Stout,118179,1020,-8,62,62,70,60,254,$460
39,Garrett Gurthie,13864,1017,-8,61,65,62,66,254,$460
41,Ty Love,89959,1024,-7,57,63,64,71,255,$430
42,Zach Arlinghaus,65266,1023,-6,63,68,62,63,256,$205
42,Logan Riding,74221,1001,-6,65,63,63,65,256,$205
42,Aviel Gomez,127492,1027,-6,63,60,67,66,256,$205
42,Paul Ulibarri,27171,1027,-6,69,61,59,67,256,$205
42,Nathan Sexton,18824,1026,-6,59,63,65,69,256,$205
42,Matthew Alexander,138103,1007,-6,63,60,63,70,256,$205
48,Austin Turner,54049,1027,-5,63,64,65,65,257,
48,Jedd Berger,152206,1011,-5,58,62,66,71,257,
50,Eli Swansen,128050,993,-4,64,68,63,63,258,
50,Lucas Carmichael,151146,1008,-4,59,72,64,63,258,
50,Tim Denna,65766,997,-4,59,65,65,69,258,
50,Robert Burridge,96512,1027,-4,65,58,64,71,258,
54,Jason Lawson,165807,1011,-3,67,60,64,68,259,
55,Maximus Meyer,49865,993,-1,66,67,63,65,261,
55,Jeremy Koling,33705,1019,-1,59,70,65,67,261,
55,Drew Gibson,48346,1019,-1,65,63,63,70,261,
55,Cam Rico,28560,1015,-1,64,61,66,70,261,
59,Albert Tamm,76669,1020,E,60,67,70,65,262,
59,Raven Newsom,88212,1031,E,61,65,66,70,262,
61,Isaiah Oliver,102591,1007,+1,60,67,71,65,263,
61,Emmanuel Torres,68986,1024,+1,67,66,64,66,263,
61,Joey Temali,100818,995,+1,64,67,63,69,263,
64,Luke Humphries,69424,1008,+2,64,66,67,67,264,
64,Cola Di Tullio,193478,999,+2,67,66,63,68,264,
66,Zack Wysocki,61722,1000,+4,70,62,63,71,266,
67,Simon Crosby,80054,999,+6,70,62,66,70,268,
68,Daniel Pfaff,98558,1011,+7,65,64,71,69,269,
68,Gavin Bos,187956,1013,+7,65,64,69,71,269,
70,Xaelen Nash,46192,1025,+8,72,64,63,71,270,
70,Owen Hamilton,197577,996,+8,70,61,66,73,270,
72,Kirby Snyder,115165,1011,+9,66,66,68,71,271,
72,Colten Montgomery,35876,1010,+9,65,61,70,75,271,
74,Nate Toutolmin,157945,990,+12,69,66,66,73,274,
75,Charles Peake,267928,978,+13,69,66,66,74,275,
76,Justin Mateo,165843,993,+14,68,72,59,77,276,
77,Tristan Cook,167159,998,+6,68,67,67,202,,
77,Luke Samson,59419,1017,+6,65,68,69,202,,
77,Jacob Courtis,56511,1005,+6,66,66,70,202,,
80,Sias Elmore,57425,1005,+7,66,70,67,203,,
80,Justin Bougher,24712,994,+7,66,69,68,203,,
80,Ben Holding,174343,972,+7,68,64,71,203,,
83,Trevon Crowe,67172,1002,+8,72,65,67,204,,
83,Samuel Aldrich,22055,976,+8,67,67,70,204,,
85,David Hurley,195983,993,+10,68,65,73,206,,
86,Michael Arauza,87267,996,+11,72,70,65,207,,
86,Ezra Hapner,25000,997,+11,66,69,72,207,,
88,Jacob Blair,52785,1009,+12,70,72,66,208,,
88,Abraham Johnson,144592,979,+12,70,70,68,208,,
90,Martin Evans,53839,974,+13,71,74,64,209,,
90,Thomas Tomaselli,80904,1009,+13,66,69,74,209,,
90,John Ryan III,46920,996,+13,67,64,78,209,,
93,Jake Hebenheimer,43762,1020,+14,70,65,75,210,,
94,Joseph Carey,73855,984,+15,71,71,69,211,,
94,Andrew Bakken,261932,967,+15,73,65,73,211,,
96,Ryan Bain,196731,1000,+16,72,69,71,212,,
96,Ryan Jewell,180216,1014,+16,69,71,72,212,,
98,Ryan Monn,144929,1020,+17,66,75,72,213,,
99,Michael Bueno,183213,977,+18,76,69,69,214,,
100,Justin J-Roc Liddell,45319,982,+19,67,71,77,215,,
101,Cody Kirkland,28198,1018,+21,68,78,71,217,,
101,Perry Walker,187952,974,+21,67,76,74,217,,
101,Matthew Lopez,218949,954,+21,68,73,76,217,,
104,Yashua Xiong,255044,979,+23,70,78,71,219,,
105,Guy Melms,146420,981,+24,71,71,78,220,,
106,Aidan Guthrie,96832,992,+26,68,78,76,222,,
107,Jeffrey McCormick,116860,975,+34,73,74,83,230,,
108,Lewis Bitney,51242,1021,66,73,999,DNF,,,
